{
"Hi":"*~හායිම් කෝමද ඔයාට 💗⃝🙈⃝🌼~*",
"Mk":"*මොනා කරන්නද අනේ ඔහේ ඉන්නවා🧏‍♂️*\n\n`මොකද කරන්නෙ ඔයා💗🙈`",
"Mn":"*Mn කියන්නෙ ඇයි මොකුත් නෑ කියන්න බෑද ළමයෝ 🙈🌼*",
"Hmm":"*මොකද බස්සෙක් වෙන්න ඕනි වෙලාද හලූ ඔයාත 🫣💗*",
"Manika":"*අලේ 🙃 මම ඒකට ආතයි💗🥰*\n\n*ඉතිම් කියන්නකො මැනික 🙃🙈💗*",
"Gn":"🧘⃞🖤̸྄̅̄̂ɢᷓ͜͡ᴏᴏ҉ᴅ ͜͡ ̶ɴⷬɪᷢɢ̸ⷶ͢ʜᷤᴛⷶ͜͡🍃⃦⃝🧘",
"Gm":"🍀⃝ගුට් මෝනිම් සුදූ🌼⃝⃕🥇̶⃮⃖😻̶᭄",
"Bye":"*හා හා යන්නකු මම ආයෙ ඔය ළමයා එක්ක කතා කලන්නෙ නෑ නෑ නෑ නෑ නෑමයි☹️*\n\n\nටිකක් වෙලා ඉන්නවකු අනේ😫💗",
"Good Morning":"🍀⃝⃕ගුට්මෝනිම් සුදු🥇̶⃮⃖😻̶᭄",
"Good Night":"🧘⃞🖤̸྄̅̄̂ɢᷓ͜͡ᴏᴏ҉ᴅ ͜͡ ̶ɴⷬɪᷢɢ̸ⷶ͢ʜᷤᴛⷶ͜͡🍃⃦⃝🧘",
"Rashu":"*අහ් රශූ අයියා ගැන නම් අම්මො කතා කරන්න කොච්චරනම් දේවල් තියේද🥰💗🙈*\n\n\n\n* *ඔයා එයාව දැකලා නැද්ද අනේ 🙃 එයානම් මලක් වගේ හරිම සෝයි ඒක නෙවේ ඔයා දන්නවද වැඩක් QUEEN-RASHU-MD බොට් Owner එයා නෙ අනේ 🙈💗*",
"udhanika":"*අහ් අයියා ගැන නම් අම්මො කතා කරන්න කොච්චරනම් දේවල් තියේද🥰💗🙈*\n\n\n\n* *ඔයා එයාව දැකලා නැද්ද අනේ 🙃 එයානම් මලක් වගේ හරිම සෝයි ඒක නෙවේ ඔයා දන්නවද වැඩක් 𝗤𝗨𝗘𝗘𝗡 𝗨𝗗𝗠𝗢𝗗𝗭 බොට් Owner එයා නෙ අනේ 🙈💗*",
"ud":"*අහ් අයියා ගැන නම් අම්මො කතා කරන්න කොච්චරනම් දේවල් තියේද🥰💗🙈*\n\n\n\n* *ඔයා එයාව දැකලා නැද්ද අනේ 🙃 එයානම් මලක් වගේ හරිම සෝයි ඒක නෙවේ ඔයා දන්නවද වැඩක් 𝗤𝗨𝗘𝗘𝗡 𝗨𝗗𝗠𝗢𝗗𝗭 බොට් Owner එයා නෙ අනේ 🙈💗*",
"udmodz":"*අහ් අයියා ගැන නම් අම්මො කතා කරන්න කොච්චරනම් දේවල් තියේද🥰💗🙈*\n\n\n\n* *ඔයා එයාව දැකලා නැද්ද අනේ 🙃 එයානම් මලක් වගේ හරිම සෝයි ඒක නෙවේ ඔයා දන්නවද වැඩක් 𝗤𝗨𝗘𝗘𝗡 𝗨𝗗𝗠𝗢𝗗𝗭 බොට් Owner එයා නෙ අනේ 🙈💗*",
"Bot":"I Am *𝗤𝗨𝗘𝗘𝗡 𝗨𝗗𝗠𝗢𝗗𝗭* Whatsapp User Bot Sri Lanka 🇱🇰",
"Bs":"*බුදු සරණයි එහෙනම් ඔයාටත්💗🥰🌼*",
"pi":"*හ්ම්ම්ම්🥺 ඔයත් පරිස්සමින් ඉන්න හොදද හොද ළමයා වගේ💗🥰🌼*",
"Ponnaya":"*මම පොන්නයෙක් උනානම් අද උබ ඔය තැන ඉන්නෙ නෑ  නේද 😹*\n\n\n* අඩෝ උබ උබේ තාත්තටයි පොන්නය කිව්වෙ කියලා මතක තියාගනිම් බන්😅",
"sex":"*අසහන කාරයා😹*",
"ewpn":"*වීඩියෝ එකද ඕනි බන් Play Story එකෙන් Status Dawnload App එක ගනිම් කො 😒 වැඩේ ලේසීනේ*",
"ewannako":"මට බැ 😹!",
"sorry":"*වැරැද්දක් කරලා සොරි කියන පුරුද්ද අමතක කරගන්න හරිද😒*",
"😂":"ඇයි හිනා වෙන්නෙ *ගුලියක්වත් කෑවද😹*",
"I Love You":"*I Miss You Baby🥺💗*",
"pakaya":"*අනේ මේ තෝ පකයා😹*",
"hutto":"හුත්තො මුත්තො ගාගෙන නම් එන්න එපා හුත්තෝ *තෝ තමා වේස හුත්තා😹*"
}
